[{"model": "admin.logentry", "pk": 1, "fields": {"action_time": "2024-02-10T22:43:53.363Z", "user": 1, "content_type": 7, "object_id": "1", "object_repr": "Room object (1)", "action_flag": 1, "change_message": "[{\"added\": {}}]"}}, {"model": "admin.logentry", "pk": 2, "fields": {"action_time": "2024-02-10T22:43:59.009Z", "user": 1, "content_type": 7, "object_id": "1", "object_repr": "Room object (1)", "action_flag": 2, "change_message": "[{\"changed\": {\"fields\": [\"Slug\"]}}]"}}, {"model": "admin.logentry", "pk": 3, "fields": {"action_time": "2024-02-10T22:44:02.195Z", "user": 1, "content_type": 7, "object_id": "1", "object_repr": "Room object (1)", "action_flag": 2, "change_message": "[{\"changed\": {\"fields\": [\"Slug\"]}}]"}}, {"model": "admin.logentry", "pk": 4, "fields": {"action_time": "2024-02-10T22:44:11.934Z", "user": 1, "content_type": 7, "object_id": "1", "object_repr": "Room object (1)", "action_flag": 2, "change_message": "[{\"changed\": {\"fields\": [\"Name\", \"Slug\"]}}]"}}, {"model": "admin.logentry", "pk": 5, "fields": {"action_time": "2024-02-10T22:44:26.469Z", "user": 1, "content_type": 7, "object_id": "2", "object_repr": "Room object (2)", "action_flag": 1, "change_message": "[{\"added\": {}}]"}}, {"model": "admin.logentry", "pk": 6, "fields": {"action_time": "2024-02-27T06:42:47.712Z", "user": 1, "content_type": 8, "object_id": "1", "object_repr": "Message object (1)", "action_flag": 1, "change_message": "[{\"added\": {}}]"}}, {"model": "auth.permission", "pk": 1, "fields": {"name": "Can add log entry", "content_type": 1, "codename": "add_logentry"}}, {"model": "auth.permission", "pk": 2, "fields": {"name": "Can change log entry", "content_type": 1, "codename": "change_logentry"}}, {"model": "auth.permission", "pk": 3, "fields": {"name": "Can delete log entry", "content_type": 1, "codename": "delete_logentry"}}, {"model": "auth.permission", "pk": 4, "fields": {"name": "Can view log entry", "content_type": 1, "codename": "view_logentry"}}, {"model": "auth.permission", "pk": 5, "fields": {"name": "Can add permission", "content_type": 2, "codename": "add_permission"}}, {"model": "auth.permission", "pk": 6, "fields": {"name": "Can change permission", "content_type": 2, "codename": "change_permission"}}, {"model": "auth.permission", "pk": 7, "fields": {"name": "Can delete permission", "content_type": 2, "codename": "delete_permission"}}, {"model": "auth.permission", "pk": 8, "fields": {"name": "Can view permission", "content_type": 2, "codename": "view_permission"}}, {"model": "auth.permission", "pk": 9, "fields": {"name": "Can add group", "content_type": 3, "codename": "add_group"}}, {"model": "auth.permission", "pk": 10, "fields": {"name": "Can change group", "content_type": 3, "codename": "change_group"}}, {"model": "auth.permission", "pk": 11, "fields": {"name": "Can delete group", "content_type": 3, "codename": "delete_group"}}, {"model": "auth.permission", "pk": 12, "fields": {"name": "Can view group", "content_type": 3, "codename": "view_group"}}, {"model": "auth.permission", "pk": 13, "fields": {"name": "Can add user", "content_type": 4, "codename": "add_user"}}, {"model": "auth.permission", "pk": 14, "fields": {"name": "Can change user", "content_type": 4, "codename": "change_user"}}, {"model": "auth.permission", "pk": 15, "fields": {"name": "Can delete user", "content_type": 4, "codename": "delete_user"}}, {"model": "auth.permission", "pk": 16, "fields": {"name": "Can view user", "content_type": 4, "codename": "view_user"}}, {"model": "auth.permission", "pk": 17, "fields": {"name": "Can add content type", "content_type": 5, "codename": "add_contenttype"}}, {"model": "auth.permission", "pk": 18, "fields": {"name": "Can change content type", "content_type": 5, "codename": "change_contenttype"}}, {"model": "auth.permission", "pk": 19, "fields": {"name": "Can delete content type", "content_type": 5, "codename": "delete_contenttype"}}, {"model": "auth.permission", "pk": 20, "fields": {"name": "Can view content type", "content_type": 5, "codename": "view_contenttype"}}, {"model": "auth.permission", "pk": 21, "fields": {"name": "Can add session", "content_type": 6, "codename": "add_session"}}, {"model": "auth.permission", "pk": 22, "fields": {"name": "Can change session", "content_type": 6, "codename": "change_session"}}, {"model": "auth.permission", "pk": 23, "fields": {"name": "Can delete session", "content_type": 6, "codename": "delete_session"}}, {"model": "auth.permission", "pk": 24, "fields": {"name": "Can view session", "content_type": 6, "codename": "view_session"}}, {"model": "auth.permission", "pk": 25, "fields": {"name": "Can add room", "content_type": 7, "codename": "add_room"}}, {"model": "auth.permission", "pk": 26, "fields": {"name": "Can change room", "content_type": 7, "codename": "change_room"}}, {"model": "auth.permission", "pk": 27, "fields": {"name": "Can delete room", "content_type": 7, "codename": "delete_room"}}, {"model": "auth.permission", "pk": 28, "fields": {"name": "Can view room", "content_type": 7, "codename": "view_room"}}, {"model": "auth.permission", "pk": 29, "fields": {"name": "Can add message", "content_type": 8, "codename": "add_message"}}, {"model": "auth.permission", "pk": 30, "fields": {"name": "Can change message", "content_type": 8, "codename": "change_message"}}, {"model": "auth.permission", "pk": 31, "fields": {"name": "Can delete message", "content_type": 8, "codename": "delete_message"}}, {"model": "auth.permission", "pk": 32, "fields": {"name": "Can view message", "content_type": 8, "codename": "view_message"}}, {"model": "auth.user", "pk": 1, "fields": {"password": "pbkdf2_sha256$720000$yYcQTEwbLRJnaGp3upsMaE$w4AhhLkea11MTtiaGVH76+KUySw/azahZnJjxnm4WeE=", "last_login": "2024-02-27T21:38:05.417Z", "is_superuser": true, "username": "prasangatiwari", "first_name": "", "last_name": "", "email": "prasangahere@gmail.com", "is_staff": true, "is_active": true, "date_joined": "2024-02-10T22:43:40.489Z", "groups": [], "user_permissions": []}}, {"model": "auth.user", "pk": 2, "fields": {"password": "pbkdf2_sha256$720000$LxiXD0DBXZjyMhshy393Vn$hyeTIMjj/60qH2llKRxzAiwEsmyi8qD/fisME9oeJow=", "last_login": "2024-02-20T18:58:04.943Z", "is_superuser": false, "username": "Prasanga", "first_name": "", "last_name": "", "email": "", "is_staff": false, "is_active": true, "date_joined": "2024-02-20T18:58:04.798Z", "groups": [], "user_permissions": []}}, {"model": "auth.user", "pk": 3, "fields": {"password": "pbkdf2_sha256$720000$KxyBOWdBQnncY1E001NOrx$acpZIaAWcneIeW0qpqoeeReHVZQYUimp703BoNacORI=", "last_login": "2024-02-21T00:07:48.664Z", "is_superuser": false, "username": "prasangaaa", "first_name": "", "last_name": "", "email": "", "is_staff": false, "is_active": true, "date_joined": "2024-02-21T00:07:48.523Z", "groups": [], "user_permissions": []}}, {"model": "auth.user", "pk": 4, "fields": {"password": "pbkdf2_sha256$720000$saf8wMkwIXk4rdJOf4DWFi$Qyi+YWNAhVimqAER2dTg/sqJVkNRVMUiK9s2CJquNP8=", "last_login": "2024-02-27T06:17:39.905Z", "is_superuser": false, "username": "soleil", "first_name": "", "last_name": "", "email": "", "is_staff": false, "is_active": true, "date_joined": "2024-02-27T06:17:39.758Z", "groups": [], "user_permissions": []}}, {"model": "auth.user", "pk": 5, "fields": {"password": "pbkdf2_sha256$720000$Kx6quKkZ5iVHhDdAmq7p9T$QFQ6/XSRCOkP3CEU0o8/u035Og7GcA7phO0HAct0D+k=", "last_login": "2024-02-27T18:45:25.472Z", "is_superuser": false, "username": "popo", "first_name": "", "last_name": "", "email": "", "is_staff": false, "is_active": true, "date_joined": "2024-02-27T18:45:25.335Z", "groups": [], "user_permissions": []}}, {"model": "auth.user", "pk": 6, "fields": {"password": "pbkdf2_sha256$720000$iYTsOGPfpXQaXkE2XYDltv$4xFrOP2k4iXAlujG7PRslCvmz8BNYI63b8OXFQjb/QA=", "last_login": "2024-03-05T21:12:12.460Z", "is_superuser": false, "username": "Charlie", "first_name": "", "last_name": "", "email": "", "is_staff": false, "is_active": true, "date_joined": "2024-03-05T21:12:12.325Z", "groups": [], "user_permissions": []}}, {"model": "contenttypes.contenttype", "pk": 1, "fields": {"app_label": "admin", "model": "logentry"}}, {"model": "contenttypes.contenttype", "pk": 2, "fields": {"app_label": "auth", "model": "permission"}}, {"model": "contenttypes.contenttype", "pk": 3, "fields": {"app_label": "auth", "model": "group"}}, {"model": "contenttypes.contenttype", "pk": 4, "fields": {"app_label": "auth", "model": "user"}}, {"model": "contenttypes.contenttype", "pk": 5, "fields": {"app_label": "contenttypes", "model": "contenttype"}}, {"model": "contenttypes.contenttype", "pk": 6, "fields": {"app_label": "sessions", "model": "session"}}, {"model": "contenttypes.contenttype", "pk": 7, "fields": {"app_label": "rooms", "model": "room"}}, {"model": "contenttypes.contenttype", "pk": 8, "fields": {"app_label": "rooms", "model": "message"}}, {"model": "sessions.session", "pk": "er5gtmgt1vxfcwdb6y1wvc2jeqlicui2", "fields": {"session_data": ".eJxVjEEOwiAQRe_C2hAYYFpcuvcMZKYDUjVtUtqV8e7apAvd_vfef6lE21rT1vKSRlFnZdXpd2MaHnnagdxpus16mKd1GVnvij5o09dZ8vNyuH8HlVr91o4DYIxgjTM9Iksu4As5EzxxidJ3A3gUwA7AoJBE5kDeRgQCF0S9P8NLNzc:1rerJV:C8k7I8NLu4OlWYY9fYGZ_7XORY94vkegz_U44L5QXq0", "expire_date": "2024-03-12T06:51:41.893Z"}}, {"model": "rooms.room", "pk": 1, "fields": {"name": "Work", "slug": "work"}}, {"model": "rooms.room", "pk": 2, "fields": {"name": "Hobby", "slug": "hobby"}}, {"model": "rooms.message", "pk": 1, "fields": {"room": 1, "user": 4, "content": "okkkk", "date_added": "2024-02-27T06:42:47.710Z"}}, {"model": "rooms.message", "pk": 2, "fields": {"room": 1, "user": 1, "content": "ok", "date_added": "2024-02-27T16:18:14.626Z"}}, {"model": "rooms.message", "pk": 3, "fields": {"room": 1, "user": 1, "content": "", "date_added": "2024-02-27T16:18:14.718Z"}}, {"model": "rooms.message", "pk": 4, "fields": {"room": 1, "user": 1, "content": "nvmmasdad", "date_added": "2024-02-27T16:18:20.252Z"}}, {"model": "rooms.message", "pk": 5, "fields": {"room": 1, "user": 1, "content": "hey", "date_added": "2024-02-27T21:39:16.042Z"}}, {"model": "rooms.message", "pk": 6, "fields": {"room": 1, "user": 1, "content": "", "date_added": "2024-02-27T21:39:16.125Z"}}, {"model": "rooms.message", "pk": 7, "fields": {"room": 1, "user": 1, "content": "hooo", "date_added": "2024-02-27T21:39:26.971Z"}}, {"model": "rooms.message", "pk": 8, "fields": {"room": 1, "user": 1, "content": "asdfasd", "date_added": "2024-02-27T21:39:29.495Z"}}, {"model": "rooms.message", "pk": 9, "fields": {"room": 1, "user": 1, "content": "adfadf", "date_added": "2024-02-27T21:39:32.564Z"}}, {"model": "rooms.message", "pk": 10, "fields": {"room": 1, "user": 1, "content": "adfadsf", "date_added": "2024-02-27T21:39:34.736Z"}}, {"model": "rooms.message", "pk": 11, "fields": {"room": 1, "user": 6, "content": "hrradfd", "date_added": "2024-03-05T21:25:43.113Z"}}, {"model": "rooms.message", "pk": 12, "fields": {"room": 1, "user": 6, "content": "", "date_added": "2024-03-05T21:25:43.118Z"}}, {"model": "rooms.message", "pk": 13, "fields": {"room": 1, "user": 6, "content": "dasd", "date_added": "2024-03-05T21:25:49.954Z"}}, {"model": "rooms.message", "pk": 14, "fields": {"room": 1, "user": 6, "content": "nvm", "date_added": "2024-03-05T21:26:12.202Z"}}, {"model": "rooms.message", "pk": 15, "fields": {"room": 1, "user": 6, "content": "", "date_added": "2024-03-05T21:26:12.243Z"}}, {"model": "rooms.message", "pk": 16, "fields": {"room": 1, "user": 6, "content": "sadfa", "date_added": "2024-03-05T21:26:13.849Z"}}, {"model": "rooms.message", "pk": 17, "fields": {"room": 1, "user": 6, "content": "", "date_added": "2024-03-05T21:26:13.901Z"}}, {"model": "rooms.message", "pk": 18, "fields": {"room": 1, "user": 6, "content": "dsfa", "date_added": "2024-03-05T21:26:14.887Z"}}, {"model": "rooms.message", "pk": 19, "fields": {"room": 1, "user": 6, "content": "", "date_added": "2024-03-05T21:26:14.956Z"}}, {"model": "rooms.message", "pk": 20, "fields": {"room": 1, "user": 6, "content": "df", "date_added": "2024-03-05T21:26:15.546Z"}}, {"model": "rooms.message", "pk": 21, "fields": {"room": 1, "user": 6, "content": "", "date_added": "2024-03-05T21:26:15.633Z"}}, {"model": "rooms.message", "pk": 22, "fields": {"room": 1, "user": 6, "content": "adf", "date_added": "2024-03-05T21:26:16.141Z"}}, {"model": "rooms.message", "pk": 23, "fields": {"room": 1, "user": 6, "content": "", "date_added": "2024-03-05T21:26:16.175Z"}}, {"model": "rooms.message", "pk": 24, "fields": {"room": 1, "user": 6, "content": "adf", "date_added": "2024-03-05T21:26:16.619Z"}}, {"model": "rooms.message", "pk": 25, "fields": {"room": 1, "user": 6, "content": "", "date_added": "2024-03-05T21:26:16.685Z"}}, {"model": "rooms.message", "pk": 26, "fields": {"room": 1, "user": 6, "content": "asdf", "date_added": "2024-03-05T21:26:17.271Z"}}, {"model": "rooms.message", "pk": 27, "fields": {"room": 1, "user": 6, "content": "", "date_added": "2024-03-05T21:26:17.360Z"}}, {"model": "rooms.message", "pk": 28, "fields": {"room": 1, "user": 6, "content": "asdf", "date_added": "2024-03-05T21:26:17.794Z"}}, {"model": "rooms.message", "pk": 29, "fields": {"room": 1, "user": 6, "content": "", "date_added": "2024-03-05T21:26:17.873Z"}}, {"model": "rooms.message", "pk": 30, "fields": {"room": 1, "user": 6, "content": "df", "date_added": "2024-03-05T21:26:18.194Z"}}, {"model": "rooms.message", "pk": 31, "fields": {"room": 1, "user": 6, "content": "", "date_added": "2024-03-05T21:26:18.286Z"}}, {"model": "rooms.message", "pk": 32, "fields": {"room": 1, "user": 6, "content": "adsf", "date_added": "2024-03-05T21:26:18.905Z"}}, {"model": "rooms.message", "pk": 33, "fields": {"room": 1, "user": 6, "content": "", "date_added": "2024-03-05T21:26:18.974Z"}}, {"model": "rooms.message", "pk": 34, "fields": {"room": 1, "user": 6, "content": "d", "date_added": "2024-03-05T21:26:19.191Z"}}, {"model": "rooms.message", "pk": 35, "fields": {"room": 1, "user": 6, "content": "", "date_added": "2024-03-05T21:26:19.269Z"}}, {"model": "rooms.message", "pk": 36, "fields": {"room": 1, "user": 6, "content": "sdf", "date_added": "2024-03-05T21:26:19.917Z"}}, {"model": "rooms.message", "pk": 37, "fields": {"room": 1, "user": 6, "content": "", "date_added": "2024-03-05T21:26:19.987Z"}}, {"model": "rooms.message", "pk": 38, "fields": {"room": 1, "user": 6, "content": "wfasd", "date_added": "2024-03-05T21:36:30.682Z"}}, {"model": "rooms.message", "pk": 39, "fields": {"room": 1, "user": 6, "content": "", "date_added": "2024-03-05T21:36:30.804Z"}}, {"model": "rooms.message", "pk": 40, "fields": {"room": 1, "user": 6, "content": "", "date_added": "2024-03-05T21:36:33.748Z"}}, {"model": "rooms.message", "pk": 41, "fields": {"room": 1, "user": 6, "content": "", "date_added": "2024-03-05T21:36:33.810Z"}}, {"model": "rooms.message", "pk": 42, "fields": {"room": 1, "user": 6, "content": "", "date_added": "2024-03-05T21:36:34.975Z"}}]